movieId,imdbId,tmdbId
1,,1
2,,5
3,,6
4,,7
5,,8
6,,15
7,,16
8,,17
9,,18
10,,19
11,,20
12,,22
13,,24
14,,25
15,,26
16,,27
17,,28
18,,29
19,,30
20,,31
21,,32
22,,33
23,,43
24,,44
25,,45
26,,46
27,,47
28,,48
29,,49
30,,50
31,,51
32,,52
33,,53
34,,54
35,,55
36,,56
37,,57
38,,58
39,,59
40,,60
41,,61
42,,62
43,,63
44,,64
45,,65
46,,66
47,,67
48,,68
49,,69
50,,71
51,,72
52,,73
53,,74
54,,75
55,,76
56,,77
57,,79
58,,80
59,,81
60,,82
61,,83
62,,84
63,,85
64,,86
65,,87
66,,88
67,,89
68,,90
69,,91
70,,92
71,,93
72,,94
73,,95
74,,96
75,,97
76,,98
77,,99
78,,100
79,,101
80,,102
81,,103
82,,104
83,,105
84,,106
85,,107
86,,108
87,,109
88,,110
89,,111
90,,112
91,,113
92,,114
93,,115
94,,116
95,,117
96,,118
97,,119
98,,120
99,,121
100,,122
101,,123
102,,124
103,,125
104,,126
105,,127
106,,128
107,,129
108,,130
109,,131
110,,132
111,,133
112,,134
113,,135
114,,136
115,,137
116,,138
117,,139
118,,141
119,,142
120,,143
121,,144
122,,145
123,,146
124,,147
125,,148
126,,149
127,,150
128,,151
129,,152
130,,153
131,,154
132,,155
133,,156
134,,157
135,,158
136,,159
137,,160
138,,161
139,,162
140,,163
141,,164
142,,165
143,,166
144,,167
145,,168
146,,169
147,,170
148,,173
149,,174
150,,175
151,,176
152,,177
153,,178
154,,179
155,,180
156,,181
157,,182
158,,183
159,,184
160,,185
161,,186
162,,187
163,,189
164,,190
165,,191
166,,192
167,,193
168,,194
169,,195
170,,196
171,,197
172,,198
173,,199
174,,200
175,,201
176,,202
177,,203
178,,204
179,,205
180,,206
181,,207
182,,208
183,,209
184,,210
185,,212
186,,218
187,,219
188,,221
189,,222
190,,223
191,,225
192,,226
193,,227
194,,228
195,,229
196,,230
197,,231
198,,232
199,,233
200,,236
201,,237
202,,238
203,,239
204,,240
205,,241
206,,242
207,,243
208,,244
209,,245
210,,246
211,,247
212,,248
213,,249
214,,250
215,,251
216,,252
217,,253
218,,254
219,,255
220,,256
221,,257
222,,258
223,,259
224,,260
225,,261
226,,262
227,,263
228,,264
229,,265
230,,266
231,,267
232,,268
233,,269
234,,270
235,,271
236,,272
237,,273
238,,274
239,,275
240,,276
241,,277
242,,278
243,,279
244,,281
245,,282
246,,283
247,,284
248,,285
249,,286
250,,287
251,,288
252,,289
253,,290
254,,291
255,,292
256,,293
257,,294
258,,295
259,,296
260,,297
261,,298
262,,299
263,,300
264,,301
265,,302
266,,303
267,,304
268,,306
269,,308
270,,309
271,,311
272,,317
273,,318
274,,319
275,,320
276,,321
277,,322
278,,323
279,,324
280,,325
281,,326
282,,327
283,,328
284,,329
285,,330
286,,331
287,,334
288,,335
289,,336
290,,337
291,,338
292,,339
293,,340
294,,341
295,,342
296,,343
297,,344
298,,345
299,,346
300,,347
301,,348
302,,349
303,,350
304,,351
305,,352
306,,353
307,,354
308,,355
309,,356
310,,357
311,,358
312,,359
313,,360
314,,361
315,,362
316,,364
317,,365
318,,366
319,,368
320,,369
321,,370
322,,371
323,,372
324,,373
325,,375
326,,376
327,,377
328,,378
329,,379
330,,380
331,,381
332,,382
333,,383
334,,384
335,,385
336,,386
337,,387
338,,388
339,,389
340,,390
341,,391
342,,392
343,,393
344,,394
345,,395
346,,396
347,,397
348,,398
349,,400
350,,401
351,,403
352,,404
353,,405
354,,406
355,,407
356,,408
357,,411
358,,412
359,,413
360,,415
361,,416
362,,417
363,,418
364,,419
365,,420
366,,421
367,,424
368,,425
369,,426
370,,427
371,,428
372,,429
373,,430
374,,431
375,,432
376,,433
377,,434
378,,435
379,,437
380,,438
381,,439
382,,440
383,,441
384,,442
385,,443
386,,444
387,,445
388,,446
389,,447
390,,448
391,,449
392,,450
393,,451
394,,452
395,,454
396,,455
397,,456
398,,457
399,,458
400,,459
401,,460
402,,461
403,,462
404,,463
405,,464
406,,465
407,,466
408,,467
409,,468
410,,469
411,,470
412,,471
413,,472
414,,473
415,,474
416,,475
417,,476
418,,477
419,,478
420,,479
421,,481
422,,482
423,,483
424,,484
425,,485
426,,486
427,,487
428,,488
429,,489
430,,490
431,,492
432,,493
433,,495
434,,496
435,,497
436,,499
437,,501
438,,502
439,,503
440,,504
441,,505
442,,506
443,,507
444,,508
445,,509
446,,510
447,,511
448,,512
449,,513
450,,514
451,,515
452,,516
453,,517
454,,519
455,,520
456,,521
457,,522
458,,523
459,,524
460,,525
461,,526
462,,527
463,,528
464,,529
465,,530
466,,531
467,,532
468,,533
469,,534
470,,535
471,,536
472,,537
473,,538
474,,539
475,,540
476,,541
477,,543
478,,544
479,,546
480,,548
481,,550
482,,551
483,,552
484,,553
485,,554
486,,555
487,,556
488,,557
489,,558
490,,559
491,,560
492,,561
493,,563
494,,564
495,,565
496,,566
497,,567
498,,568
499,,569
500,,570
501,,572
502,,573
503,,576
504,,577
505,,578
506,,579
507,,580
508,,581
509,,582
510,,584
511,,585
512,,586
513,,587
514,,588
515,,589
516,,590
517,,591
518,,593
519,,594
520,,595
521,,596
522,,597
523,,598
524,,600
525,,601
526,,603
527,,604
528,,605
529,,606
530,,607
531,,608
532,,609
533,,610
534,,612
535,,613
536,,614
537,,615
538,,617
539,,618
540,,620
541,,621
542,,622
543,,623
544,,624
545,,626
546,,627
547,,629
548,,630
549,,631
550,,632
551,,633
552,,634
553,,635
554,,636
555,,637
556,,641
557,,642
558,,644
559,,645
560,,648
561,,649
562,,650
563,,651
564,,652
565,,653
566,,655
567,,656
568,,658
569,,659
570,,664
571,,665
572,,666
573,,667
574,,668
575,,669
576,,670
577,,671
578,,673
579,,678
580,,679
581,,682
582,,684
583,,685
584,,687
585,,688
586,,689
587,,690
588,,691
589,,693
590,,694
591,,695
592,,696
593,,704
594,,706
595,,709
596,,710
597,,712
598,,713
599,,718
600,,719
601,,721
602,,722
603,,724
604,,730
605,,731
606,,732
607,,733
608,,736
609,,738
610,,740
611,,741
612,,743
613,,746
614,,747
615,,748
616,,750
617,,752
618,,753
619,,755
620,,756
621,,757
622,,758
623,,759
624,,760
625,,761
626,,762
627,,763
628,,764
629,,766
630,,767
631,,769
632,,770
633,,771
634,,776
635,,777
636,,779
637,,780
638,,781
639,,782
640,,783
641,,785
642,,788
643,,789
644,,790
645,,792
646,,793
647,,795
648,,797
649,,798
650,,799
651,,800
652,,801
653,,807
654,,808
655,,811
656,,812
657,,813
658,,814
659,,815
660,,816
661,,817
662,,818
663,,819
664,,820
665,,821
666,,822
667,,824
668,,825
669,,830
670,,831
671,,833
672,,834
673,,835
674,,836
675,,837
676,,838
677,,840
678,,841
679,,842
680,,844
681,,845
682,,846
683,,849
684,,850
685,,851
686,,852
687,,853
688,,854
689,,855
690,,856
691,,857
692,,858
693,,859
694,,860
695,,861
696,,863
697,,864
698,,866
699,,867
700,,868
701,,869
702,,870
703,,872
704,,873
705,,874
706,,875
707,,876
708,,877
709,,878
710,,879
711,,880
712,,881
713,,882
714,,883
715,,884
716,,885
717,,886
718,,887
719,,888
720,,889
721,,890
722,,891
723,,892
724,,893
725,,894
726,,895
727,,896
728,,897
729,,898
730,,899
731,,900
732,,901
733,,902
734,,903
735,,904
736,,905
737,,906
738,,907
739,,908
740,,909
741,,910
742,,911
743,,913
744,,914
745,,915
746,,916
747,,917
748,,918
749,,919
750,,920
751,,921
752,,928
753,,929
754,,930
755,,932
756,,933
757,,934
758,,935
759,,936
760,,937
761,,940
762,,941
763,,942
764,,943
765,,944
766,,949
767,,950
768,,951
769,,952
770,,953
771,,957
772,,958
773,,959
774,,961
775,,962
776,,963
777,,964
778,,965
779,,967
780,,969
781,,970
782,,971
783,,972
784,,973
785,,974
786,,975
787,,976
788,,977
789,,978
790,,979
791,,980
792,,981
793,,982
794,,984
795,,985
796,,986
797,,987
798,,990
799,,991
800,,992
801,,993
802,,995
803,,996
804,,997
805,,998
806,,999
807,,1000
808,,1002
809,,1003
810,,1004
811,,1005
812,,1006
813,,1007
814,,1008
815,,1010
816,,1011
817,,1013
818,,1014
819,,1015
820,,1016
821,,1017
822,,1018
823,,1019
824,,1020
825,,1021
826,,1022
827,,1023
828,,1024
829,,1025
830,,1028
831,,1029
832,,1030
833,,1032
834,,1033
835,,1034
836,,1036
837,,1037
838,,1041
839,,1042
840,,1043
841,,1044
842,,1045
843,,1046
844,,1047
845,,1048
846,,1049
847,,1050
848,,1051
849,,1055
850,,1056
851,,1057
852,,1060
853,,1062
854,,1064
855,,1065
856,,1066
857,,1067
858,,1069
859,,1070
860,,1072
861,,1074
862,,1078
863,,1079
864,,1080
865,,1081
866,,1082
867,,1084
868,,1085
869,,1086
870,,1087
871,,1088
872,,1089
873,,1090
874,,1091
875,,1092
876,,1094
877,,1095
878,,1096
879,,1097
880,,1098
881,,1101
882,,1103
883,,1104
884,,1105
885,,1106
886,,1107
887,,1108
888,,1109
889,,1110
890,,1111
891,,1112
892,,1116
893,,1117
894,,1118
895,,1119
896,,1120
897,,1121
898,,1122
899,,1123
900,,1124
901,,1126
902,,1127
903,,1128
904,,1130
905,,1132
906,,1133
907,,1135
908,,1136
909,,1137
910,,1138
911,,1140
912,,1141
913,,1142
914,,1143
915,,1144
916,,1145
917,,1146
918,,1147
919,,1148
920,,1149
921,,1151
922,,1152
923,,1153
924,,1156
925,,1157
926,,1161
927,,1163
928,,1164
929,,1165
930,,1167
931,,1168
932,,1169
933,,1170
934,,1171
935,,1172
936,,1174
937,,1177
938,,1178
939,,1179
940,,1180
941,,1181
942,,1182
943,,1184
944,,1185
945,,1186
946,,1187
947,,1189
948,,1190
949,,1191
950,,1192
951,,1193
952,,1194
953,,1195
954,,1196
955,,1198
956,,1200
957,,1202
958,,1203
959,,1204
960,,1205
961,,1206
962,,1209
963,,1210
964,,1211
965,,1212
966,,1214
967,,1215
968,,1216
969,,1217
970,,1218
971,,1219
972,,1220
973,,1221
974,,1222
975,,1223
976,,1224
977,,1225
978,,1226
979,,1230
980,,1231
981,,1232
982,,1233
983,,1235
984,,1237
985,,1238
986,,1239
987,,1240
988,,1241
989,,1243
990,,1245
991,,1246
992,,1248
993,,1249
994,,1250
995,,1251
996,,1252
997,,1253
998,,1254
999,,1255
1000,,1256
1001,,1257
1002,,1258
1003,,1259
1004,,1260
1005,,1261
1006,,1262
1007,,1263
1008,,1264
1009,,1269
1010,,1270
1011,,1272
1012,,1273
1013,,1276
1014,,1277
1015,,1278
1016,,1279
1017,,1280
1018,,1281
1019,,1285
1020,,1286
1021,,1288
1022,,1289
1023,,1290
1024,,1292
1025,,1293
1026,,1296
1027,,1299
1028,,1301
1029,,1302
1030,,1303
1031,,1311
1032,,1312
1033,,1313
1034,,1317
1035,,1324
1036,,1325
1037,,1327
1038,,1331
1039,,1335
1040,,1336
1041,,1338
1042,,1339
1043,,1341
1044,,1342
1045,,1343
1046,,1346
1047,,1347
1048,,1348
1049,,1349
1050,,1350
1051,,1351
1052,,1352
1053,,1356
1054,,1357
1055,,1358
1056,,1359
1057,,1360
1058,,1361
1059,,1362
1060,,1363
1061,,1364
1062,,1365
1063,,1366
1064,,1367
1065,,1368
1066,,1369
1067,,1370
1068,,1371
1069,,1372
1070,,1373
1071,,1374
1072,,1375
1073,,1376
1074,,1378
1075,,1379
1076,,1380
1077,,1382
1078,,1384
1079,,1386
1080,,1387
1081,,1397
1082,,1398
1083,,1399
1084,,1400
1085,,1401
1086,,1408
1087,,1410
1088,,1412
1089,,1413
1090,,1414
1091,,1415
1092,,1416
1093,,1417
1094,,1418
1095,,1419
1096,,1420
1097,,1421
1098,,1422
1099,,1424
1100,,1425
1101,,1426
1102,,1430
1103,,1431
1104,,1432
1105,,1433
1106,,1434
1107,,1435
1108,,1436
1109,,1437
1110,,1438
1111,,1439
1112,,1441
1113,,1442
1114,,1444
1115,,1445
1116,,1448
1117,,1450
1118,,1453
1119,,1454
1120,,1455
1121,,1457
1122,,1459
1123,,1462
1124,,1465
1125,,1468
1126,,1469
1127,,1470
1128,,1471
1129,,1472
1130,,1473
1131,,1474
1132,,1475
1133,,1477
1134,,1478
1135,,1480
1136,,1482
1137,,1483
1138,,1484
1139,,1485
1140,,1486
1141,,1487
1142,,1488
1143,,1489
1144,,1490
1145,,1491
1146,,1492
1147,,1493
1148,,1494
1149,,1496
1150,,1498
1151,,1500
1152,,1501
1153,,1502
1154,,1504
1155,,1505
1156,,1506
1157,,1508
1158,,1509
1159,,1514
1160,,1516
1161,,1517
1162,,1519
1163,,1520
1164,,1521
1165,,1524
1166,,1525
1167,,1526
1168,,1527
1169,,1530
1170,,1531
1171,,1532
1172,,1533
1173,,1534
1174,,1535
1175,,1536
1176,,1538
1177,,1541
1178,,1542
1179,,1543
1180,,1546
1181,,1550
1182,,1553
1183,,1554
1184,,1555
1185,,1556
1186,,1557
1187,,1559
1188,,1561
1189,,1562
1190,,1563
1191,,1564
1192,,1565
1193,,1566
1194,,1568
1195,,1569
1196,,1570
1197,,1571
1198,,1572
1199,,1573
1200,,1575
1201,,1576
1202,,1577
1203,,1578
1204,,1579
1205,,1581
1206,,1583
1207,,1587
1208,,1588
1209,,1589
1210,,1591
1211,,1592
1212,,1593
1213,,1594
1214,,1597
1215,,1598
1216,,1599
1217,,1601
1218,,1602
1219,,1603
1220,,1604
1221,,1606
1222,,1607
1223,,1608
1224,,1609
1225,,1614
1226,,1619
1227,,1622
1228,,1628
1229,,1629
1230,,1631
1231,,1632
1232,,1633
1233,,1634
1234,,1635
1235,,1636
1236,,1637
1237,,1639
1238,,1640
1239,,1642
1240,,1645
1241,,1647
1242,,1648
1243,,1650
1244,,1651
1245,,1654
1246,,1655
1247,,1657
1248,,1658
1249,,1659
1250,,1660
1251,,1661
1252,,1668
1253,,1669
1254,,1670
1255,,1674
1256,,1675
1257,,1678
1258,,1679
1259,,1681
1260,,1682
1261,,1683
1262,,1685
1263,,1686
1264,,1688
1265,,1689
1266,,1690
1267,,1691
1268,,1692
1269,,1693
1270,,1694
1271,,1695
1272,,1696
1273,,1698
1274,,1699
1275,,1703
1276,,1704
1277,,1706
1278,,1707
1279,,1709
1280,,1710
1281,,1718
1282,,1719
1283,,1720
1284,,1721
1285,,1722
1286,,1723
1287,,1724
1288,,1725
1289,,1726
1290,,1727
1291,,1728
1292,,1729
1293,,1731
1294,,1732
1295,,1734
1296,,1736
1297,,1738
1298,,1744
1299,,1746
1300,,1747
1301,,1749
1302,,1750
1303,,1751
1304,,1760
1305,,1761
1306,,1762
1307,,1764
1308,,1769
1309,,1773
1310,,1775
1311,,1780
1312,,1783
1313,,1785
1314,,1787
1315,,1792
1316,,1793
1317,,1796
1318,,1797
1319,,1798
1320,,1799
1321,,1800
1322,,1802
1323,,1804
1324,,1805
1325,,1807
1326,,1808
1327,,1810
1328,,1813
1329,,1815
1330,,1816
1331,,1817
1332,,1818
1333,,1821
1334,,1824
1335,,1825
1336,,1826
1337,,1827
1338,,1829
1339,,1830
1340,,1835
1341,,1836
1342,,1837
1343,,1838
1344,,1840
1345,,1841
1346,,1842
1347,,1844
1348,,1846
1349,,1847
1350,,1852
1351,,1856
1352,,1858
1353,,1859
1354,,1860
1355,,1861
1356,,1862
1357,,1864
1358,,1865
1359,,1868
1360,,1869
1361,,1874
1362,,1878
1363,,1881
1364,,1887
1365,,1888
1366,,1889
1367,,1890
1368,,1894
1369,,1896
1370,,1901
1371,,1902
1372,,1906
1373,,1908
1374,,1910
1375,,1911
1376,,1912
1377,,1913
1378,,1914
1379,,1915
1380,,1916
1381,,1917
1382,,1918
1383,,1920
1384,,1921
1385,,1922
1386,,1924
1387,,1929
1388,,1930
1389,,1931
1390,,1932
1391,,1935
1392,,1941
1393,,1942
1394,,1943
1395,,1944
1396,,1946
1397,,1951
1398,,1952
1399,,1953
1400,,1954
1401,,1956
1402,,1957
1403,,1958
1404,,1961
1405,,1965
1406,,1967
1407,,1968
1408,,1969
1409,,1972
1410,,1974
1411,,1978
1412,,1980
1413,,1981
1414,,1985
1415,,1988
1416,,1991
1417,,1994
1418,,1995
1419,,1996
1420,,1998
1421,,2000
1422,,2001
1423,,2002
1424,,2004
1425,,2006
1426,,2011
1427,,2012
1428,,2013
1429,,2014
1430,,2016
1431,,2017
1432,,2020
1433,,2025
1434,,2026
1435,,2030
1436,,2031
1437,,2032
1438,,2033
1439,,2034
1440,,2035
1441,,2037
1442,,2041
1443,,2042
1444,,2043
1445,,2044
1446,,2048
1447,,2060
1448,,2071
1449,,2076
1450,,2098
1451,,2104
1452,,2105
1453,,2106
1454,,2107
1455,,2108
1456,,2109
1457,,2110
1458,,2112
1459,,2113
1460,,2116
1461,,2117
1462,,2118
1463,,2123
1464,,2124
1465,,2125
1466,,2126
1467,,2129
1468,,2130
1469,,2131
1470,,2132
1471,,2135
1472,,2136
1473,,2138
1474,,2140
1475,,2141
1476,,2142
1477,,2143
1478,,2144
1479,,2145
1480,,2147
1481,,2148
1482,,2150
1483,,2152
1484,,2153
1485,,2154
1486,,2155
1487,,2156
1488,,2157
1489,,2158
1490,,2159
1491,,2161
1492,,2162
1493,,2163
1494,,2164
1495,,2166
1496,,2167
1497,,2169
1498,,2170
1499,,2171
1500,,2174
1501,,2175
1502,,2176
1503,,2178
1504,,2182
1505,,2188
1506,,2193
1507,,2198
1508,,2199
1509,,2201
1510,,2202
1511,,2204
1512,,2205
1513,,2210
1514,,2212
1515,,2213
1516,,2214
1517,,2215
1518,,2216
1519,,2217
1520,,2218
1521,,2220
1522,,2221
1523,,2222
1524,,2225
1525,,2229
1526,,2235
1527,,2236
1528,,2237
1529,,2238
1530,,2246
1531,,2248
1532,,2249
1533,,2251
1534,,2252
1535,,2263
1536,,2265
1537,,2267
1538,,2268
1539,,2269
1540,,2273
1541,,2274
1542,,2281
1543,,2286
1544,,2288
1545,,2290
1546,,2291
1547,,2294
1548,,2298
1549,,2313
1550,,2321
1551,,2324
1552,,2325
1553,,2330
1554,,2332
1555,,2335
1556,,2336
1557,,2341
1558,,2346
1559,,2349
1560,,2352
1561,,2354
1562,,2355
1563,,2356
1564,,2357
1565,,2361
1566,,2363
1567,,2367
1568,,2369
1569,,2372
1570,,2383
1571,,2385
1572,,2386
1573,,2389
1574,,2390
1575,,2391
1576,,2396
1577,,2397
1578,,2398
1579,,2400
1580,,2402
1581,,2403
1582,,2404
1583,,2407
1584,,2408
1585,,2409
1586,,2413
1587,,2417
1588,,2418
1589,,2424
1590,,2432
1591,,2433
1592,,2436
1593,,2438
1594,,2441
1595,,2445
1596,,2446
1597,,2447
1598,,2448
1599,,2449
1600,,2451
1601,,2452
1602,,2454
1603,,2458
1604,,2460
1605,,2471
1606,,2472
1607,,2476
1608,,2486
1609,,2488
1610,,2490
1611,,2494
1612,,2495
1613,,2497
1614,,2498
1615,,2499
1616,,2500
1617,,2505
1618,,2508
1619,,2512
1620,,2513
1621,,2514
1622,,2515
1623,,2517
1624,,2520
1625,,2523
1626,,2524
1627,,2530
1628,,2531
1629,,2534
1630,,2539
1631,,2542
1632,,2543
1633,,2547
1634,,2559
1635,,2560
1636,,2562
1637,,2563
1638,,2564
1639,,2569
1640,,2571
1641,,2580
1642,,2581
1643,,2582
1644,,2589
1645,,2590
1646,,2593
1647,,2594
1648,,2595
1649,,2596
1650,,2597
1651,,2602
1652,,2603
1653,,2604
1654,,2605
1655,,2606
1656,,2608
1657,,2611
1658,,2615
1659,,2617
1660,,2618
1661,,2623
1662,,2680
1663,,2683
1664,,2684
1665,,2685
1666,,2695
1667,,2713
1668,,2719
1669,,2724
1670,,2725
1671,,2729
1672,,2730
1673,,2743
1674,,2744
1675,,2746
1676,,2747
1677,,2751
1678,,2752
1679,,2753
1680,,2756
1681,,2759
1682,,2762
1683,,2768
1684,,2772
1685,,2775
1686,,2782
1687,,2784
1688,,2787
1689,,2789
1690,,2795
1691,,2798
1692,,2800
1693,,2808
1694,,2813
1695,,2816
1696,,2817
1697,,2828
1698,,2829
1699,,2832
1700,,2841
1701,,2842
1702,,2847
1703,,2848
1704,,2852
1705,,2858
1706,,2866
1707,,2867
1708,,2868
1709,,2869
1710,,2870
1711,,2871
1712,,2873
1713,,2883
1714,,2884
1715,,2889
1716,,2890
1717,,2891
1718,,2896
1719,,2899
1720,,2903
1721,,2904
1722,,2905
1723,,2907
1724,,2911
1725,,2921
1726,,2923
1727,,2924
1728,,2926
1729,,2927
1730,,2928
1731,,2929
1732,,2931
1733,,2937
1734,,2942
1735,,2946
1736,,2950
1737,,2951
1738,,2952
1739,,2953
1740,,2954
1741,,2955
1742,,2958
1743,,2961
1744,,2962
1745,,2963
1746,,2964
1747,,2965
1748,,2966
1749,,2967
1750,,2969
1751,,2970
1752,,2971
1753,,2978
1754,,2981
1755,,2982
1756,,2985
1757,,2986
1758,,2988
1759,,2993
1760,,2994
1761,,3000
1762,,3001
1763,,3002
1764,,3005
1765,,3007
1766,,3008
1767,,3009
1768,,3010
1769,,3011
1770,,3012
1771,,3014
1772,,3015
1773,,3016
1774,,3027
1775,,3031
1776,,3032
1777,,3033
1778,,3044
1779,,3050
1780,,3053
1781,,3057
1782,,3058
1783,,3076
1784,,3080
1785,,3085
1786,,3086
1787,,3087
1788,,3088
1789,,3089
1790,,3090
1791,,3091
1792,,3092
1793,,3101
1794,,3102
1795,,3107
1796,,3121
1797,,3165
1798,,3166
1799,,3167
1800,,3174
1801,,3210
1802,,3218
1803,,3219
1804,,3220
1805,,3221
1806,,3222
1807,,3223
1808,,3225
1809,,3226
1810,,3228
1811,,3229
1812,,3230
1813,,3231
1814,,3234
1815,,3247
1816,,3256
1817,,3265
1818,,3266
1819,,3268
1820,,3269
1821,,3270
1822,,3286
1823,,3287
1824,,3288
1825,,3292
1826,,3297
1827,,3298
1828,,3299
1829,,3302
1830,,3307
1831,,3312
1832,,3318
1833,,3322
1834,,3323
1835,,3324
1836,,3326
1837,,3328
1838,,3342
1839,,3349
1840,,3352
1841,,3354
1842,,3358
1843,,3359
1844,,3363
1845,,3366
1846,,3369
1847,,3371
1848,,3375
1849,,3389
1850,,3392
1851,,3401
1852,,3403
1853,,3407
1854,,3410
1855,,3417
1856,,3419
1857,,3420
1858,,3421
1859,,3429
1860,,3430
1861,,3446
1862,,3447
1863,,3448
1864,,3449
1865,,3455
1866,,3456
1867,,3457
1868,,3464
1869,,3466
1870,,3467
1871,,3468
1872,,3469
1873,,3470
1874,,3478
1875,,3479
1876,,3485
1877,,3493
1878,,3501
1879,,3503
1880,,3508
1881,,3515
1882,,3537
1883,,3545
1884,,3549
1885,,3559
1886,,3572
1887,,3574
1888,,3577
1889,,3588
1890,,3593
1891,,3594
1892,,3603
1893,,3604
1894,,3613
1895,,3614
1896,,3615
1897,,3616
1898,,3618
1899,,3622
1900,,3625
1901,,3626
1902,,3627
1903,,3636
1904,,3641
1905,,3642
1906,,3652
1907,,3653
1908,,3654
1909,,3655
1910,,3656
1911,,3665
1912,,3667
1913,,3668
1914,,3670
1915,,3673
1916,,3674
1917,,3679
1918,,3680
1919,,3686
1920,,3692
1921,,3701
1922,,3702
1923,,3707
1924,,3710
1925,,3711
1926,,3712
1927,,3713
1928,,3728
1929,,3731
1930,,3737
1931,,3738
1932,,3747
1933,,3750
1934,,3759
1935,,3771
1936,,3782
1937,,3783
1938,,3784
1939,,3785
1940,,3791
1941,,3805
1942,,3829
1943,,3840
1944,,3841
1945,,3848
1946,,3859
1947,,3861
1948,,3887
1949,,3888
1950,,3889
1951,,3901
1952,,3907
1953,,3914
1954,,3916
1955,,3918
1956,,3927
1957,,3931
1958,,3939
1959,,3940
1960,,3944
1961,,3948
1962,,3954
1963,,3956
1964,,3958
1965,,3962
1966,,3965
1967,,3970
1968,,3972
1969,,3974
1970,,3991
1971,,3992
1972,,3999
1973,,4004
1974,,4010
1975,,4012
1976,,4015
1977,,4021
1978,,4026
1979,,4027
1980,,4028
1981,,4033
1982,,4037
1983,,4038
1984,,4039
1985,,4052
1986,,4053
1987,,4057
1988,,4059
1989,,4063
1990,,4066
1991,,4069
1992,,4078
1993,,4080
1994,,4081
1995,,4082
1996,,4087
1997,,4094
1998,,4106
1999,,4107
2000,,4130
2001,,4134
2002,,4136
2003,,4151
2004,,4155
2005,,4156
2006,,4163
2007,,4166
2008,,4173
2009,,4177
2010,,4181
2011,,4182
2012,,4186
2013,,4188
2014,,4189
2015,,4192
2016,,4195
2017,,4196
2018,,4197
2019,,4200
2020,,4205
2021,,4209
2022,,4214
2023,,4224
2024,,4232
2025,,4246
2026,,4262
2027,,4264
2028,,4280
2029,,4282
2030,,4304
2031,,4320
2032,,4334
2033,,4342
2034,,4353
2035,,4358
2036,,4360
2037,,4361
2038,,4362
2039,,4382
2040,,4399
2041,,4415
2042,,4421
2043,,4437
2044,,4443
2045,,4447
2046,,4450
2047,,4454
2048,,4460
2049,,4469
2050,,4472
2051,,4473
2052,,4477
2053,,4483
2054,,4491
2055,,4502
2056,,4503
2057,,4508
2058,,4535
2059,,4548
2060,,4549
2061,,4550
2062,,4551
2063,,4565
2064,,4581
2065,,4590
2066,,4596
2067,,4600
2068,,4618
2069,,4646
2070,,4650
2071,,4654
2072,,4657
2073,,4662
2074,,4664
2075,,4672
2076,,4690
2077,,4705
2078,,4712
2079,,4713
2080,,4715
2081,,4718
2082,,4719
2083,,4720
2084,,4722
2085,,4725
2086,,4726
2087,,4744
2088,,4752
2089,,4760
2090,,4763
2091,,4765
2092,,4772
2093,,4786
2094,,4789
2095,,4792
2096,,4793
2097,,4794
2098,,4795
2099,,4798
2100,,4804
2101,,4810
2102,,4811
2103,,4814
2104,,4835
2105,,4866
2106,,4872
2107,,4874
2108,,4879
2109,,4884
2110,,4886
2111,,4896
2112,,4898
2113,,4901
2114,,4903
2115,,4908
2116,,4910
2117,,4918
2118,,4938
2119,,4970
2120,,4975
2121,,4981
2122,,4983
2123,,4985
2124,,4997
2125,,4999
2126,,5005
2127,,5020
2128,,5028
2129,,5029
2130,,5030
2131,,5032
2132,,5034
2133,,5039
2134,,5040
2135,,5041
2136,,5042
2137,,5045
2138,,5060
2139,,5065
2140,,5072
2141,,5074
2142,,5079
2143,,5080
2144,,5081
2145,,5084
2146,,5085
2147,,5097
2148,,5112
2149,,5114
2150,,5116
2151,,5118
2152,,5141
2153,,5150
2154,,5152
2155,,5155
2156,,5158
2157,,5162
2158,,5163
2159,,5168
2160,,5172
2161,,5177
2162,,5178
2163,,5194
2164,,5196
2165,,5199
2166,,5204
2167,,5205
2168,,5212
2169,,5214
2170,,5216
2171,,5220
2172,,5225
2173,,5226
2174,,5228
2175,,5231
2176,,5233
2177,,5244
2178,,5251
2179,,5252
2180,,5256
2181,,5258
2182,,5262
2183,,5265
2184,,5270
2185,,5277
2186,,5279
2187,,5291
2188,,5298
2189,,5300
2190,,5305
2191,,5306
2192,,5307
2193,,5310
2194,,5315
2195,,5316
2196,,5332
2197,,5333
2198,,5337
2199,,5341
2200,,5342
2201,,5347
2202,,5348
2203,,5351
2204,,5355
2205,,5356
2206,,5365
2207,,5369
2208,,5386
2209,,5391
2210,,5397
2211,,5419
2212,,5420
2213,,5424
2214,,5454
2215,,5458
2216,,5460
2217,,5462
2218,,5464
2219,,5485
2220,,5493
2221,,5504
2222,,5505
2223,,5507
2224,,5521
2225,,5525
2226,,5526
2227,,5529
2228,,5530
2229,,5538
2230,,5539
2231,,5583
2232,,5593
2233,,5597
2234,,5630
2235,,5667
2236,,5670
2237,,5671
2238,,5675
2239,,5678
2240,,5680
2241,,5681
2242,,5682
2243,,5684
2244,,5690
2245,,5691
2246,,5702
2247,,5713
2248,,5717
2249,,5719
2250,,5734
2251,,5743
2252,,5751
2253,,5762
2254,,5764
2255,,5772
2256,,5774
2257,,5781
2258,,5784
2259,,5835
2260,,5844
2261,,5845
2262,,5859
2263,,5902
2264,,5909
2265,,5914
2266,,5940
2267,,5941
2268,,5945
2269,,5947
2270,,5955
2271,,5957
2272,,5958
2273,,5959
2274,,5962
2275,,5973
2276,,5978
2277,,5983
2278,,5984
2279,,5996
2280,,5998
2281,,6007
2282,,6016
2283,,6023
2284,,6024
2285,,6030
2286,,6032
2287,,6033
2288,,6041
2289,,6045
2290,,6046
2291,,6050
2292,,6064
2293,,6098
2294,,6112
2295,,6114
2296,,6115
2297,,6117
2298,,6122
2299,,6127
2300,,6129
2301,,6148
2302,,6151
2303,,6152
2304,,6153
2305,,6154
2306,,6162
2307,,6163
2308,,6164
2309,,6165
2310,,6166
2311,,6169
2312,,6171
2313,,6172
2314,,6178
2315,,6187
2316,,6194
2317,,6198
2318,,6201
2319,,6203
2320,,6205
2321,,6209
2322,,6211
2323,,6213
2324,,6219
2325,,6231
2326,,6234
2327,,6275
2328,,6280
2329,,6287
2330,,6288
2331,,6291
2332,,6299
2333,,6324
2334,,6325
2335,,6327
2336,,6330
2337,,6336
2338,,6337
2339,,6344
2340,,6347
2341,,6351
2342,,6361
2343,,6368
2344,,6372
2345,,6377
2346,,6379
2347,,6380
2348,,6381
2349,,6385
2350,,6392
2351,,6399
2352,,6401
2353,,6408
2354,,6418
2355,,6421
2356,,6425
2357,,6438
2358,,6443
2359,,6444
2360,,6463
2361,,6465
2362,,6467
2363,,6479
2364,,6489
2365,,6500
2366,,6505
2367,,6512
2368,,6531
2369,,6546
2370,,6547
2371,,6548
2372,,6553
2373,,6555
2374,,6558
2375,,6572
2376,,6573
2377,,6574
2378,,6581
2379,,6582
2380,,6586
2381,,6587
2382,,6590
2383,,6591
2384,,6594
2385,,6609
2386,,6610
2387,,6624
2388,,6633
2389,,6634
2390,,6635
2391,,6637
2392,,6645
2393,,6657
2394,,6675
2395,,6676
2396,,6682
2397,,6690
2398,,6692
2399,,6694
2400,,6702
2401,,6704
2402,,6705
2403,,6707
2404,,6709
2405,,6712
2406,,6713
2407,,6714
2408,,6736
2409,,6741
2410,,6743
2411,,6746
2412,,6747
2413,,6748
2414,,6749
2415,,6758
2416,,6768
2417,,6772
2418,,6773
2419,,6774
2420,,6783
2421,,6787
2422,,6791
2423,,6793
2424,,6794
2425,,6795
2426,,6802
2427,,6809
2428,,6811
2429,,6862
2430,,6864
2431,,6867
2432,,6875
2433,,6877
2434,,6880
2435,,6882
2436,,6884
2437,,6885
2438,,6892
2439,,6893
2440,,6895
2441,,6896
2442,,6904
2443,,6918
2444,,6919
2445,,6920
2446,,6922
2447,,6927
2448,,6941
2449,,6945
2450,,6946
2451,,6948
2452,,6951
2453,,6954
2454,,6956
2455,,6958
2456,,6959
2457,,6964
2458,,6973
2459,,6974
2460,,6979
2461,,6980
2462,,6984
2463,,6985
2464,,6986
2465,,6987
2466,,6999
2467,,7014
2468,,7016
2469,,7017
2470,,7041
2471,,7044
2472,,7053
2473,,7054
2474,,7058
2475,,7059
2476,,7062
2477,,7066
2478,,7079
2479,,7081
2480,,7082
2481,,7083
2482,,7088
2483,,7103
2484,,7108
2485,,7110
2486,,7113
2487,,7135
2488,,7148
2489,,7152
2490,,7178
2491,,7193
2492,,7222
2493,,7248
2494,,7265
2495,,7266
2496,,7268
2497,,7270
2498,,7276
2499,,7279
2500,,7303
2501,,7304
2502,,7305
2503,,7311
2504,,7322
2505,,7334
2506,,7337
2507,,7338
2508,,7367
2509,,7375
2510,,7377
2511,,7396
2512,,7411
2513,,7456
2514,,7463
2515,,7465
2516,,7468
2517,,7471
2518,,7472
2519,,7474
2520,,7540
2521,,7549
2522,,7550
2523,,7559
2524,,7568
2525,,7580
2526,,7588
2527,,7590
2528,,7591
2529,,7592
2530,,7593
2531,,7596
2532,,7597
2533,,7598
2534,,7627
2535,,7645
2536,,7647
2537,,7651
2538,,7654
2539,,7655
2540,,7661
2541,,7662
2542,,7668
2543,,7669
2544,,7674
2545,,7695
2546,,7705
2547,,7708
2548,,7711
2549,,7712
2550,,7720
2551,,7724
2552,,7728
2553,,7730
2554,,7739
2555,,7740
2556,,7744
2557,,7745
2558,,7748
2559,,7759
2560,,7762
2561,,7768
2562,,7769
2563,,7770
2564,,7774
2565,,7782
2566,,7785
2567,,7791
2568,,7805
2569,,7817
2570,,7857
2571,,7858
2572,,7870
2573,,7875
2574,,7882
2575,,7897
2576,,7902
2577,,7969
2578,,7972
2579,,8022
2580,,8023
2581,,8026
2582,,8038
2583,,8039
2584,,8057
2585,,8062
2586,,8063
2587,,8068
2588,,8074
2589,,8078
2590,,8086
2591,,8098
2592,,8100
2593,,8101
2594,,8110
2595,,8111
2596,,8115
2597,,8129
2598,,8133
2599,,8142
2600,,8171
2601,,8187
2602,,8190
2603,,8197
2604,,8206
2605,,8211
2606,,8217
2607,,8230
2608,,8231
2609,,8241
2610,,8246
2611,,8247
2612,,8277
2613,,8278
2614,,8291
2615,,8292
2616,,8293
2617,,8297
2618,,8302
2619,,8310
2620,,8311
2621,,8317
2622,,8331
2623,,8337
2624,,8348
2625,,8394
2626,,8407
2627,,8408
2628,,8410
2629,,8422
2630,,8424
2631,,8425
2632,,8426
2633,,8438
2634,,8440
2635,,8449
2636,,8456
2637,,8457
2638,,8460
2639,,8465
2640,,8475
2641,,8476
2642,,8479
2643,,8481
2644,,8487
2645,,8490
2646,,8491
2647,,8507
2648,,8514
2649,,8516
2650,,8525
2651,,8532
2652,,8536
2653,,8557
2654,,8560
2655,,8577
2656,,8599
2657,,8609
2658,,8619
2659,,8624
2660,,8630
2661,,8634
2662,,8635
2663,,8648
2664,,8654
2665,,8655
2666,,8666
2667,,8668
2668,,8675
2669,,8676
2670,,8705
2671,,8709
2672,,8726
2673,,8728
2674,,8740
2675,,8754
2676,,8756
2677,,8768
2678,,8769
2679,,8792
2680,,8795
2681,,8800
2682,,8840
2683,,8841
2684,,8857
2685,,8861
2686,,8876
2687,,8888
2688,,8894
2689,,8908
2690,,8909
2691,,8915
2692,,8917
2693,,8918
2694,,8934
2695,,8937
2696,,8939
2697,,8985
2698,,8986
2699,,8987
2700,,8995
2701,,9000
2702,,9001
2703,,9002
2704,,9005
2705,,9014
2706,,9023
2707,,9032
2708,,9040
2709,,9041
2710,,9047
2711,,9055
2712,,9056
2713,,9062
2714,,9063
2715,,9065
2716,,9074
2717,,9088
2718,,9107
2719,,9117
2720,,9120
2721,,9124
2722,,9130
2723,,9135
2724,,9136
2725,,9159
2726,,9167
2727,,9170
2728,,9181
2729,,9201
2730,,9202
2731,,9203
2732,,9204
2733,,9205
2734,,9213
2735,,9220
2736,,9232
2737,,9241
2738,,9252
2739,,9253
2740,,9260
2741,,9288
2742,,9289
2743,,9308
2744,,9310
2745,,9311
2746,,9312
2747,,9314
2748,,9322
2749,,9328
2750,,9330
2751,,9331
2752,,9332
2753,,9333
2754,,9335
2755,,9347
2756,,9353
2757,,9355
2758,,9362
2759,,9366
2760,,9367
2761,,9379
2762,,9393
2763,,9396
2764,,9435
2765,,9441
2766,,9442
2767,,9465
2768,,9471
2769,,9479
2770,,9487
2771,,9493
2772,,9510
2773,,9513
2774,,9515
2775,,9539
2776,,9544
2777,,9563
2778,,9581
2779,,9587
2780,,9591
2781,,9598
2782,,9608
2783,,9611
2784,,9617
2785,,9618
2786,,9624
2787,,9630
2788,,9638
2789,,9656
2790,,9673
2791,,9675
2792,,9690
2793,,9693
2794,,9706
2795,,9712
2796,,9716
2797,,9721
2798,,9723
2799,,9724
2800,,9731
2801,,9734
2802,,9735
2803,,9736
2804,,9737
2805,,9741
2806,,9744
2807,,9745
2808,,9750
2809,,9751
2810,,9754
2811,,9756
2812,,9760
2813,,9761
2814,,9774
2815,,9776
2816,,9778
2817,,9782
2818,,9790
2819,,9793
2820,,9834
2821,,9849
2822,,9863
2823,,9865
2824,,9874
2825,,9875
2826,,9888
2827,,9890
2828,,9893
2829,,9907
2830,,9911
2831,,9917
2832,,9919
2833,,9922
2834,,9924
2835,,9925
2836,,9926
2837,,9930
2838,,9934
2839,,9936
2840,,9938
2841,,9941
2842,,9958
2843,,9963
2844,,9968
2845,,9969
2846,,9970
2847,,9979
2848,,9981
2849,,9982
2850,,9988
2851,,9989
2852,,9996
2853,,9999
2854,,10012
2855,,10014
2856,,10015
2857,,10016
2858,,10017
2859,,10020
2860,,10029
2861,,10030
2862,,10033
2863,,10049
2864,,10050
2865,,10067
2866,,10073
2867,,10074
2868,,10075
2869,,10076
2870,,10079
2871,,10080
2872,,10083
2873,,10087
2874,,10090
2875,,10092
2876,,10098
2877,,10106
2878,,10108
2879,,10109
2880,,10110
2881,,10119
2882,,10122
2883,,10152
2884,,10153
2885,,10155
2886,,10156
2887,,10161
2888,,10162
2889,,10163
2890,,10165
2891,,10172
2892,,10178
2893,,10187
2894,,10189
2895,,10191
2896,,10196
2897,,10197
2898,,10209
2899,,10213
2900,,10216
2901,,10217
2902,,10218
2903,,10219
2904,,10232
2905,,10249
2906,,10257
2907,,10258
2908,,10260
2909,,10271
2910,,10276
2911,,10278
2912,,10294
2913,,10297
2914,,10298
2915,,10301
2916,,10302
2917,,10308
2918,,10321
2919,,10325
2920,,10330
2921,,10334
2922,,10336
2923,,10338
2924,,10348
2925,,10350
2926,,10351
2927,,10357
2928,,10370
2929,,10372
2930,,10378
2931,,10379
2932,,10380
2933,,10384
2934,,10389
2935,,10390
2936,,10391
2937,,10396
2938,,10397
2939,,10408
2940,,10417
2941,,10418
2942,,10419
2943,,10421
2944,,10431
2945,,10444
2946,,10445
2947,,10447
2948,,10448
2949,,10456
2950,,10457
2951,,10458
2952,,10460
2953,,10464
2954,,10465
2955,,10469
2956,,10470
2957,,10477
2958,,10479
2959,,10483
2960,,10488
2961,,10490
2962,,10491
2963,,10495
2964,,10497
2965,,10500
2966,,10501
2967,,10502
2968,,10504
2969,,10507
2970,,10519
2971,,10521
2972,,10531
2973,,10532
2974,,10536
2975,,10545
2976,,10546
2977,,10547
2978,,10553
2979,,10568
2980,,10572
2981,,10573
2982,,10578
2983,,10581
2984,,10582
2985,,10588
2986,,10589
2987,,10590
2988,,10592
2989,,10604
2990,,10611
2991,,10620
2992,,10622
2993,,10624
2994,,10628
2995,,10638
2996,,10643
2997,,10647
2998,,10659
2999,,10668
3000,,10671
3001,,10679
3002,,10681
3003,,10683
3004,,10686
3005,,10687
3006,,10690
3007,,10691
3008,,10694
3009,,10695
3010,,10697
3011,,10702
3012,,10703
3013,,10711
3014,,10713
3015,,10714
3016,,10715
3017,,10716
3018,,10717
3019,,10719
3020,,10721
3021,,10731
3022,,10737
3023,,10739
3024,,10740
3025,,10765
3026,,10770
3027,,10775
3028,,10779
3029,,10790
3030,,10792
3031,,10793
3032,,10794
3033,,10796
3034,,10798
3035,,10799
3036,,10800
3037,,10801
3038,,10804
3039,,10805
3040,,10807
3041,,10808
3042,,10821
3043,,10827
3044,,10832
3045,,10834
3046,,10838
3047,,10842
3048,,10845
3049,,10849
3050,,10851
3051,,10862
3052,,10863
3053,,10870
3054,,10884
3055,,10886
3056,,10893
3057,,10897
3058,,10906
3059,,10916
3060,,10917
3061,,10918
3062,,10920
3063,,10923
3064,,10924
3065,,10928
3066,,10933
3067,,10934
3068,,10935
3069,,10945
3070,,10948
3071,,10949
3072,,10950
3073,,10958
3074,,10999
3075,,11001
3076,,11005
3077,,11013
3078,,11019
3079,,11021
3080,,11033
3081,,11061
3082,,11065
3083,,11067
3084,,11069
3085,,11073
3086,,11077
3087,,11079
3088,,11083
3089,,11099
3090,,11103
3091,,11111
3092,,11113
3093,,11123
3094,,11135
3095,,11161
3096,,11179
3097,,11209
3098,,11227
3099,,11235
3100,,11237
3101,,11239
3102,,11241
3103,,11255
3104,,11266
3105,,11285
3106,,11313
3107,,11319
3108,,11321
3109,,11339
3110,,11341
3111,,11349
3112,,11355
3113,,11359
3114,,11371
3115,,11375
3116,,11385
3117,,11433
3118,,11441
3119,,11457
3120,,11467
3121,,11483
3122,,11487
3123,,11491
3124,,11499
3125,,11507
3126,,11531
3127,,11547
3128,,11553
3129,,11577
3130,,11583
3131,,11597
3132,,11615
3133,,11617
3134,,11633
3135,,11635
3136,,11663
3137,,11665
3138,,11697
3139,,11701
3140,,11703
3141,,11705
3142,,11715
3143,,11737
3144,,11739
3145,,11741
3146,,11743
3147,,11745
3148,,11751
3149,,11755
3150,,11757
3151,,11759
3152,,11761
3153,,11763
3154,,11769
3155,,11771
3156,,11777
3157,,11783
3158,,11785
3159,,11793
3160,,11813
3161,,11827
3162,,11837
3163,,11843
3164,,11859
3165,,11879
3166,,11887
3167,,11889
3168,,11917
3169,,11933
3170,,11977
3171,,11979
3172,,11981
3173,,11997
3174,,12001
3175,,12015
3176,,12017
3177,,12021
3178,,12029
3179,,12031
3180,,12049
3181,,12053
3182,,12055
3183,,12057
3184,,12059
3185,,12065
3186,,12067
3187,,12069
3188,,12079
3189,,12113
3190,,12115
3191,,12117
3192,,12119
3193,,12123
3194,,12131
3195,,12137
3196,,12143
3197,,12149
3198,,12157
3199,,12175
3200,,12187
3201,,12189
3202,,12191
3203,,12231
3204,,12237
3205,,12239
3206,,12255
3207,,12281
3208,,12291
3209,,12293
3210,,12317
3211,,12321
3212,,12355
3213,,12365
3214,,12367
3215,,12375
3216,,12403
3217,,12411
3218,,12413
3219,,12419
3220,,12429
3221,,12431
3222,,12437
3223,,12445
3224,,12447
3225,,12449
3226,,12455
3227,,12461
3228,,12467
3229,,12471
3230,,12477
3231,,12487
3232,,12501
3233,,12503
3234,,12505
3235,,12531
3236,,12549
3237,,12565
3238,,12579
3239,,12581
3240,,12611
3241,,12637
3242,,12665
3243,,12669
3244,,12671
3245,,12673
3246,,12677
3247,,12679
3248,,12685
3249,,12695
3250,,12699
3251,,12709
3252,,12711
3253,,12725
3254,,12729
3255,,12753
3256,,12783
3257,,12815
3258,,12823
3259,,12857
3260,,12859
3261,,12863
3262,,12875
3263,,12879
3264,,12883
3265,,12893
3266,,12921
3267,,12929
3268,,12959
3269,,12967
3270,,12979
3271,,12997
3272,,13019
3273,,13055
3274,,13073
3275,,13093
3276,,13115
3277,,13117
3278,,13119
3279,,13125
3280,,13137
3281,,13139
3282,,13141
3283,,13145
3284,,13159
3285,,13161
3286,,13169
3287,,13171
3288,,13173
3289,,13175
3290,,13183
3291,,13201
3292,,13203
3293,,13215
3294,,13221
3295,,13223
3296,,13231
3297,,13239
3298,,13245
3299,,13261
3300,,13263
3301,,13267
3302,,13271
3303,,13283
3304,,13331
3305,,13333
3306,,13335
3307,,13349
3308,,13357
3309,,13367
3310,,13377
3311,,13391
3312,,13403
3313,,13405
3314,,13409
3315,,13411
3316,,13429
3317,,13469
3318,,13517
3319,,13535
3320,,13561
3321,,13585
3322,,13587
3323,,13595
3324,,13599
3325,,13601
3326,,13619
3327,,13629
3328,,13639
3329,,13655
3330,,13659
3331,,13663
3332,,13667
3333,,13673
3334,,13677
3335,,13709
3336,,13727
3337,,13731
3338,,13757
3339,,13759
3340,,13767
3341,,13785
3342,,13799
3343,,13807
3344,,13833
3345,,13835
3346,,13837
3347,,13839
3348,,13843
3349,,13851
3350,,13855
3351,,13859
3352,,13863
3353,,13931
3354,,13939
3355,,14027
3356,,14045
3357,,14049
3358,,14073
3359,,14075
3360,,14077
3361,,14093
3362,,14123
3363,,14127
3364,,14129
3365,,14131
3366,,14145
3367,,14173
3368,,14175
3369,,14189
3370,,14199
3371,,14227
3372,,14237
3373,,14267
3374,,14277
3375,,14283
3376,,14289
3377,,14293
3378,,14317
3379,,14333
3380,,14345
3381,,14347
3382,,14349
3383,,14353
3384,,14355
3385,,14373
3386,,14379
3387,,14397
3388,,14407
3389,,14467
3390,,14479
3391,,14511
3392,,14513
3393,,14515
3394,,14527
3395,,14539
3396,,14543
3397,,14563
3398,,14575
3399,,14583
3400,,14627
3401,,14645
3402,,14647
3403,,14653
3404,,14663
3405,,14669
3406,,14693
3407,,14713
3408,,14719
3409,,14735
3410,,14741
3411,,14749
3412,,14751
3413,,14753
3414,,14765
3415,,14807
3416,,14811
3417,,14813
3418,,14817
3419,,14827
3420,,14829
3421,,14833
3422,,14835
3423,,14837
3424,,14853
3425,,14875
3426,,14889
3427,,14893
3428,,14921
3429,,14941
3430,,14951
3431,,14957
3432,,14967
3433,,14989
3434,,14991
3435,,15005
3436,,15037
3437,,15039
3438,,15043
3439,,15045
3440,,15051
3441,,15059
3442,,15061
3443,,15085
3444,,15097
3445,,15109
3446,,15117
3447,,15119
3448,,15125
3449,,15133
3450,,15195
3451,,15197
3452,,15199
3453,,15201
3454,,15219
3455,,15225
3456,,15291
3457,,15313
3458,,15315
3459,,15323
3460,,15325
3461,,15335
3462,,15359
3463,,15377
3464,,15379
3465,,15391
3466,,15411
3467,,15417
3468,,15431
3469,,15437
3470,,15439
3471,,15451
3472,,15487
3473,,15489
3474,,15535
3475,,15537
3476,,15541
3477,,15565
3478,,15583
3479,,15591
3480,,15605
3481,,15609
3482,,15611
3483,,15613
3484,,15617
3485,,15633
3486,,15649
3487,,15651
3488,,15687
3489,,15689
3490,,15699
3491,,15711
3492,,15719
3493,,15729
3494,,15731
3495,,15735
3496,,15751
3497,,15771
3498,,15775
3499,,15781
3500,,15785
3501,,15793
3502,,15807
3503,,15809
3504,,15811
3505,,15813
3506,,15839
3507,,15841
3508,,15843
3509,,15847
3510,,15863
3511,,15867
3512,,15879
3513,,15881
3514,,15883
3515,,15895
3516,,15911
3517,,15927
3518,,15933
3519,,15951
3520,,15959
3521,,15963
3522,,15979
3523,,15989
3524,,16001
3525,,16005
3526,,16009
3527,,16011
3528,,16023
3529,,16033
3530,,16035
3531,,16049
3532,,16051
3533,,16059
3534,,16067
3535,,16099
3536,,16101
3537,,16123
3538,,16143
3539,,16149
3540,,16157
3541,,16169
3542,,16189
3543,,16199
3544,,16201
3545,,16211
3546,,16239
3547,,16241
3548,,16273
3549,,16287
3550,,16317
3551,,16331
3552,,16335
3553,,16353
3554,,16355
3555,,16363
3556,,16385
3557,,16395
3558,,16397
3559,,16405
3560,,16417
3561,,16419
3562,,16436
3563,,16444
3564,,16468
3565,,16472
3566,,16474
3567,,16498
3568,,16512
3569,,16518
3570,,16524
3571,,16528
3572,,16592
3573,,16608
3574,,16614
3575,,16636
3576,,16638
3577,,16656
3578,,16662
3579,,16664
3580,,16668
3581,,16678
3582,,16680
3583,,16694
3584,,16700
3585,,16706
3586,,16732
3587,,16742
3588,,16762
3589,,16774
3590,,16782
3591,,16866
3592,,16868
3593,,16870
3594,,16890
3595,,16894
3596,,16904
3597,,16910
3598,,16914
3599,,16916
3600,,16918
3601,,16928
3602,,16934
3603,,16982
3604,,17020
3605,,17074
3606,,17080
3607,,17082
3608,,17115
3609,,17121
3610,,17157
3611,,17187
3612,,17205
3613,,17247
3614,,17249
3615,,17251
3616,,17259
3617,,17265
3618,,17267
3619,,17269
3620,,17273
3621,,17277
3622,,17341
3623,,17345
3624,,17351
3625,,17371
3626,,17389
3627,,17391
3628,,17395
3629,,17397
3630,,17409
3631,,17419
3632,,17437
3633,,17491
3634,,17505
3635,,17513
3636,,17535
3637,,17537
3638,,17541
3639,,17549
3640,,17551
3641,,17585
3642,,17635
3643,,17637
3644,,17641
3645,,17643
3646,,17651
3647,,17677
3648,,17679
3649,,17681
3650,,17699
3651,,17717
3652,,17725
3653,,17729
3654,,17731
3655,,17739
3656,,17741
3657,,17743
3658,,17745
3659,,17777
3660,,17813
3661,,17819
3662,,17821
3663,,17827
3664,,17831
3665,,17843
3666,,17849
3667,,17855
3668,,17867
3669,,17873
3670,,17875
3671,,17879
3672,,17895
3673,,17901
3674,,17909
3675,,17919
3676,,17949
3677,,18001
3678,,18039
3679,,18041
3680,,18045
3681,,18055
3682,,18095
3683,,18097
3684,,18099
3685,,18115
3686,,18119
3687,,18121
3688,,18139
3689,,18153
3690,,18177
3691,,18179
3692,,18195
3693,,18229
3694,,18245
3695,,18247
3696,,18277
3697,,18295
3698,,18343
3699,,18393
3700,,18397
3701,,18411
3702,,18413
3703,,18429
3704,,18441
3705,,18465
3706,,18495
3707,,18497
3708,,18499
3709,,18507
3710,,18523
3711,,18525
3712,,18599
3713,,18617
3714,,18619
3715,,18653
3716,,18661
3717,,18671
3718,,18677
3719,,18679
3720,,18689
3721,,18691
3722,,18693
3723,,18713
3724,,18745
3725,,18753
3726,,18767
3727,,18771
3728,,18849
3729,,18851
3730,,18857
3731,,18881
3732,,18893
3733,,18897
3734,,18989
3735,,19021
3736,,19023
3737,,19029
3738,,19051
3739,,19099
3740,,19109
3741,,19111
3742,,19115
3743,,19117
3744,,19123
3745,,19133
3746,,19151
3747,,19159
3748,,19163
3749,,19165
3750,,19191
3751,,19193
3752,,19195
3753,,19211
3754,,19221
3755,,19251
3756,,19255
3757,,19257
3758,,19261
3759,,19285
3760,,19291
3761,,19315
3762,,19319
3763,,19363
3764,,19365
3765,,19367
3766,,19369
3767,,19383
3768,,19391
3769,,19429
3770,,19469
3771,,19489
3772,,19511
3773,,19573
3774,,19575
3775,,19613
3776,,19631
3777,,19647
3778,,19653
3779,,19669
3780,,19671
3781,,19685
3782,,19697
3783,,19703
3784,,19759
3785,,19769
3786,,19775
3787,,19799
3788,,19815
3789,,19841
3790,,19855
3791,,19889
3792,,19919
3793,,19945
3794,,19951
3795,,19953
3796,,20021
3797,,20031
3798,,20033
3799,,20035
3800,,20039
3801,,20045
3802,,20047
3803,,20053
3804,,20057
3805,,20159
3806,,20187
3807,,20221
3808,,20267
3809,,20329
3810,,20359
3811,,20365
3812,,20371
3813,,20377
3814,,20423
3815,,20431
3816,,20449
3817,,20457
3818,,20473
3819,,20479
3820,,20507
3821,,20509
3822,,20517
3823,,20533
3824,,20541
3825,,20543
3826,,20545
3827,,20555
3828,,20583
3829,,20649
3830,,20651
3831,,20655
3832,,20673
3833,,20689
3834,,20709
3835,,20723
3836,,20743
3837,,20745
3838,,20767
3839,,20785
3840,,20787
3841,,20801
3842,,20815
3843,,20843
3844,,20847
3845,,20849
3846,,20853
3847,,20871
3848,,20877
3849,,20889
3850,,20899
3851,,20903
3852,,20907
3853,,20909
3854,,20919
3855,,20931
3856,,20939
3857,,20965
3858,,20971
3859,,20973
3860,,20977
3861,,20987
3862,,21001
3863,,21009
3864,,21013
3865,,21033
3866,,21039
3867,,21067
3868,,21069
3869,,21073
3870,,21075
3871,,21085
3872,,21097
3873,,21103
3874,,21105
3875,,21167
3876,,21177
3877,,21185
3878,,21189
3879,,21195
3880,,21201
3881,,21235
3882,,21241
3883,,21267
3884,,21273
3885,,21325
3886,,21327
3887,,21329
3888,,21335
3889,,21339
3890,,21353
3891,,21373
3892,,21405
3893,,21407
3894,,21415
3895,,21419
3896,,21421
3897,,21427
3898,,21431
3899,,21435
3900,,21437
3901,,21439
3902,,21469
3903,,21473
3904,,21495
3905,,21497
3906,,21507
3907,,21511
3908,,21521
3909,,21541
3910,,21557
3911,,21561
3912,,21563
3913,,21569
3914,,21573
3915,,21575
3916,,21587
3917,,21597
3918,,21603
3919,,21635
3920,,21647
3921,,21649
3922,,21653
3923,,21659
3924,,21667
3925,,21677
3926,,21679
3927,,21681
3928,,21695
3929,,21729
3930,,21737
3931,,21743
3932,,21751
3933,,21755
3934,,21771
3935,,21773
3936,,21781
3937,,21797
3938,,21809
3939,,21821
3940,,21829
3941,,21835
3942,,21843
3943,,21845
3944,,21853
3945,,21855
3946,,21863
3947,,21867
3948,,21879
3949,,21881
3950,,21899
3951,,21925
3952,,21939
3953,,21995
3954,,22043
3955,,22057
3956,,22069
3957,,22071
3958,,22097
3959,,22101
3960,,22117
3961,,22123
3962,,22125
3963,,22135
3964,,22145
3965,,22147
3966,,22189
3967,,22199
3968,,22225
3969,,22265
3970,,22273
3971,,22297
3972,,22319
3973,,22335
3974,,22347
3975,,22359
3976,,22377
3977,,22429
3978,,22433
3979,,22507
3980,,22535
3981,,22537
3982,,22539
3983,,22547
3984,,22661
3985,,22663
3986,,22673
3987,,22677
3988,,22687
3989,,22689
3990,,22693
3991,,22695
3992,,22699
3993,,22729
3994,,22733
3995,,22745
3996,,22759
3997,,22763
3998,,22777
3999,,22789
4000,,22817
4001,,22819
4002,,22831
4003,,22835
4004,,22839
4005,,22847
4006,,22859
4007,,22865
4008,,22877
4009,,22961
4010,,23033
4011,,23037
4012,,23079
4013,,23115
4014,,23121
4015,,23133
4016,,23151
4017,,23153
4018,,23179
4019,,23199
4020,,23201
4021,,23209
4022,,23213
4023,,23225
4024,,23227
4025,,23233
4026,,23237
4027,,23249
4028,,23251
4029,,23259
4030,,23269
4031,,23273
4032,,23277
4033,,23281
4034,,23283
4035,,23285
4036,,23289
4037,,23293
4038,,23299
4039,,23301
4040,,23309
4041,,23311
4042,,23317
4043,,23319
4044,,23321
4045,,23325
4046,,23327
4047,,23333
4048,,23341
4049,,23359
4050,,23361
4051,,23363
4052,,23369
4053,,23383
4054,,23385
4055,,23399
4056,,23405
4057,,23421
4058,,23423
4059,,23425
4060,,23427
4061,,23433
4062,,23439
4063,,23441
4064,,23447
4065,,23459
4066,,23479
4067,,23487
4068,,23551
4069,,23579
4070,,23587
4071,,23605
4072,,23619
4073,,23623
4074,,23627
4075,,23673
4076,,23697
4077,,23701
4078,,23703
4079,,23725
4080,,23735
4081,,23755
4082,,23775
4083,,23777
4084,,23781
4085,,23787
4086,,23831
4087,,23847
4088,,23945
4089,,23985
4090,,23987
4091,,23989
4092,,24011
4093,,24029
4094,,24031
4095,,24037
4096,,24075
4097,,24133
4098,,24135
4099,,24151
4100,,24171
4101,,24175
4102,,24211
4103,,24227
4104,,24231
4105,,24261
4106,,24273
4107,,24277
4108,,24365
4109,,24377
4110,,24405
4111,,24415
4112,,24429
4113,,24439
4114,,24451
4115,,24455
4116,,24459
4117,,24469
4118,,24471
4119,,24475
4120,,24531
4121,,24543
4122,,24625
4123,,24627
4124,,24629
4125,,24641
4126,,24655
4127,,24687
4128,,24695
4129,,24699
4130,,24701
4131,,24703
4132,,24705
4133,,24713
4134,,24727
4135,,24751
4136,,24765
4137,,24781
4138,,24821
4139,,24823
4140,,24833
4141,,24835
4142,,24855
4143,,24873
4144,,24893
4145,,24909
4146,,24913
4147,,24919
4148,,24921
4149,,24935
4150,,24991
4151,,24997
4152,,25011
4153,,25013
4154,,25015
4155,,25045
4156,,25099
4157,,25117
4158,,25143
4159,,25157
4160,,25159
4161,,25161
4162,,25183
4163,,25241
4164,,25283
4165,,25285
4166,,25303
4167,,25313
4168,,25341
4169,,25345
4170,,25389
4171,,25397
4172,,25429
4173,,25431
4174,,25437
4175,,25517
4176,,25519
4177,,25567
4178,,25647
4179,,25649
4180,,25667
4181,,25681
4182,,25687
4183,,25689
4184,,25719
4185,,25729
4186,,25731
4187,,25755
4188,,25781
4189,,25801
4190,,25805
4191,,25835
4192,,25839
4193,,25859
4194,,25861
4195,,25867
4196,,25875
4197,,25879
4198,,25897
4199,,25907
4200,,25939
4201,,26019
4202,,26023
4203,,26055
4204,,26057
4205,,26085
4206,,26165
4207,,26183
4208,,26213
4209,,26243
4210,,26349
4211,,26351
4212,,26359
4213,,26395
4214,,26441
4215,,26443
4216,,26449
4217,,27387
4218,,27411
4219,,27417
4220,,27419
4221,,27441
4222,,27503
4223,,27509
4224,,27525
4225,,27601
4226,,27613
4227,,27619
4228,,27629
4229,,27631
4230,,27633
4231,,27655
4232,,27663
4233,,27727
4234,,27741
4235,,27775
4236,,27787
4237,,27815
4238,,27821
4239,,27829
4240,,27831
4241,,27833
4242,,27857
4243,,27887
4244,,27891
4245,,27899
4246,,27911
4247,,27927
4248,,27939
4249,,27945
4250,,27947
4251,,27957
4252,,27967
4253,,27969
4254,,27989
4255,,27991
4256,,28013
4257,,28025
4258,,28063
4259,,28069
4260,,28105
4261,,28121
4262,,28149
4263,,28155
4264,,28171
4265,,28179
4266,,28205
4267,,28211
4268,,28215
4269,,28221
4270,,28223
4271,,28249
4272,,28283
4273,,28285
4274,,28297
4275,,28299
4276,,28309
4277,,28313
4278,,28387
4279,,28391
4280,,28405
4281,,28423
4282,,28431
4283,,28447
4284,,28479
4285,,28495
4286,,28497
4287,,28537
4288,,28593
4289,,28607
4290,,28617
4291,,28619
4292,,28621
4293,,28623
4294,,28625
4295,,28669
4296,,28675
4297,,28677
4298,,28683
4299,,28701
4300,,28713
4301,,28725
4302,,28735
4303,,28755
4304,,28771
4305,,28779
4306,,28791
4307,,28805
4308,,28817
4309,,28819
4310,,28825
4311,,28861
4312,,28881
4313,,28883
4314,,28891
4315,,28907
4316,,28927
4317,,28929
4318,,28957
4319,,28961
4320,,28977
4321,,28979
4322,,28981
4323,,28999
4324,,29017
4325,,29027
4326,,29035
4327,,29067
4328,,29083
4329,,29093
4330,,29095
4331,,29101
4332,,29129
4333,,29163
4334,,29223
4335,,29261
4336,,29301
4337,,29317
4338,,29325
4339,,29511
4340,,29513
4341,,29575
4342,,29583
4343,,29589
4344,,29755
4345,,29758
4346,,29785
4347,,29786
4348,,29787
4349,,29803
4350,,29808
4351,,29809
4352,,29830
4353,,29831
4354,,29854
4355,,29876
4356,,29893
4357,,29941
4358,,29974
4359,,29976
4360,,29998
4361,,30014
4362,,30015
4363,,30056
4364,,30091
4365,,30100
4366,,30123
4367,,30127
4368,,30137
4369,,30187
4370,,30191
4371,,30205
4372,,30206
4373,,30230
4374,,30237
4375,,30240
4376,,30243
4377,,30250
4378,,30251
4379,,30276
4380,,30279
4381,,30296
4382,,30300
4383,,30307
4384,,30311
4385,,30321
4386,,30344
4387,,30346
4388,,30347
4389,,30355
4390,,30363
4391,,30364
4392,,30365
4393,,30375
4394,,30376
4395,,30379
4396,,30381
4397,,30382
4398,,30383
4399,,30384
4400,,30385
4401,,30413
4402,,30415
4403,,30437
4404,,30458
4405,,30464
4406,,30503
4407,,30514
4408,,30524
4409,,30533
4410,,30544
4411,,30549
4412,,30567
4413,,30583
4414,,30585
4415,,30614
4416,,30641
4417,,30651
4418,,30654
4419,,30679
4420,,30705
4421,,30709
4422,,30711
4423,,30714
4424,,30721
4425,,30740
4426,,30745
4427,,30746
4428,,30749
4429,,30782
4430,,30790
4431,,30795
4432,,30806
4433,,30812
4434,,30826
4435,,30831
4436,,30868
4437,,30870
4438,,30885
4439,,30895
4440,,30901
4441,,30902
4442,,30911
4443,,30915
4444,,30919
4445,,30925
4446,,30948
4447,,30952
4448,,30953
4449,,30988
4450,,30991
4451,,31043
4452,,31050
4453,,31051
4454,,31056
4455,,31070
4456,,31080
4457,,31091
4458,,31096
4459,,31098
4460,,31109
4461,,31121
4462,,31128
4463,,31138
4464,,31139
4465,,31143
4466,,31147
4467,,31149
4468,,31156
4469,,31163
4470,,31173
4471,,31174
4472,,31181
4473,,31196
4474,,31221
4475,,31223
4476,,31227
4477,,31229
4478,,31234
4479,,31240
4480,,31245
4481,,31251
4482,,31280
4483,,31283
4484,,31289
4485,,31297
4486,,31318
4487,,31324
4488,,31326
4489,,31338
4490,,31344
4491,,31368
4492,,31370
4493,,31374
4494,,31376
4495,,31378
4496,,31380
4497,,31389
4498,,31404
4499,,31405
4500,,31414
4501,,31417
4502,,31430
4503,,31439
4504,,31440
4505,,31442
4506,,31448
4507,,31452
4508,,31478
4509,,31483
4510,,31491
4511,,31498
4512,,31500
4513,,31519
4514,,31521
4515,,31540
4516,,31552
4517,,31553
4518,,31559
4519,,31560
4520,,31561
4521,,31564
4522,,31578
4523,,31580
4524,,31592
4525,,31593
4526,,31598
4527,,31610
4528,,31621
4529,,31630
4530,,31633
4531,,31636
4532,,31637
4533,,31645
4534,,31665
4535,,31675
4536,,31680
4537,,31683
4538,,31704
4539,,31706
4540,,31710
4541,,31711
4542,,31715
4543,,31716
4544,,31722
4545,,31733
4546,,31736
4547,,31737
4548,,31741
4549,,31754
4550,,31756
4551,,31757
4552,,31762
4553,,31763
4554,,31764
4555,,31771
4556,,31772
4557,,31780
4558,,31790
4559,,31793
4560,,31797
4561,,31798
4562,,31804
4563,,31815
4564,,31821
4565,,31845
4566,,31848
4567,,31859
4568,,31865
4569,,31867
4570,,31890
4571,,31904
4572,,31909
4573,,31914
4574,,31918
4575,,31927
4576,,31930
4577,,31952
4578,,31953
4579,,31964
4580,,31973
4581,,31980
4582,,31989
4583,,31994
4584,,32005
4585,,32011
4586,,32013
4587,,32023
4588,,32039
4589,,32051
4590,,32083
4591,,32093
4592,,32094
4593,,32108
4594,,32122
4595,,32153
4596,,32171
4597,,32175
4598,,32182
4599,,32188
4600,,32189
4601,,32214
4602,,32215
4603,,32228
4604,,32245
4605,,32268
4606,,32281
4607,,32282
4608,,32287
4609,,32301
4610,,32309
4611,,32313
4612,,32323
4613,,32360
4614,,32365
4615,,32366
4616,,32370
4617,,32379
4618,,32380
4619,,32409
4620,,32438
4621,,32454
4622,,32483
4623,,32485
4624,,32491
4625,,32526
4626,,32542
4627,,32547
4628,,32551
4629,,32553
4630,,32561
4631,,32566
4632,,32574
4633,,32595
4634,,32601
4635,,32606
4636,,32608
4637,,32634
4638,,32648
4639,,32664
4640,,32667
4641,,32668
4642,,32681
4643,,32682
4644,,32696
4645,,32697
4646,,32729
4647,,32740
4648,,32792
4649,,32801
4650,,32828
4651,,32863
4652,,32869
4653,,32906
4654,,32915
4655,,32935
4656,,32947
4657,,32950
4658,,32954
4659,,32961
4660,,32998
4661,,33004
4662,,33021
4663,,33028
4664,,33032
4665,,33046
4666,,33075
4667,,33080
4668,,33082
4669,,33091
4670,,33113
4671,,33118
4672,,33129
4673,,33142
4674,,33161
4675,,33164
4676,,33201
4677,,33221
4678,,33222
4679,,33241
4680,,33254
4681,,33302
4682,,33338
4683,,33341
4684,,33372
4685,,33394
4686,,33421
4687,,33524
4688,,33558
4689,,33569
4690,,33606
4691,,33902
4692,,33964
4693,,34085
4694,,34103
4695,,34240
